Customer_ID,Name,Email,Age,City,Product,Quantity,Unit_Price,Order_Date,Rating,Total_Sales,Age_Group,Order_Month
1001,Ali Khan,ali@gmail.com,25.0,Lahore,Laptop,2,120000.0,2026-01-05,5.0,240000.0,Adult,January
1002,Sara Ahmed,sara@gmail.com,31.0,Lahore,Mouse,5,2500.0,2026-01-06,4.0,12500.0,Adult,January
1003,Usman Raza,usman@gmail.com,29.0,Karachi,Keyboard,3,5000.0,2026-01-07,3.0,15000.0,Adult,January
1004,Ayesha Malik,unknown,29.0,Islamabad,Laptop,1,125000.0,2026-01-08,5.0,125000.0,Adult,January
1005,Hassan Ali,hassan@gmail.com,29.0,Karachi,Monitor,2,45000.0,2026-01-09,4.0,90000.0,Adult,January
1006,Fatima Noor,fatima@gmail.com,42.0,Lahore,Mouse,10,2500.0,2026-01-10,4.0,25000.0,Senior,January
1007,Bilal Ahmed,bilal@gmail.com,29.0,Islamabad,Keyboard,2,5500.0,2026-01-11,4.0,11000.0,Adult,January
1008,Maria Khan,maria@gmail.com,28.0,Karachi,Laptop,1,130000.0,2026-01-12,5.0,130000.0,Adult,January
1009,Ahmed Raza,ahmed@gmail.com,35.0,Karachi,Laptop,2,120000.0,2026-01-13,4.0,240000.0,Adult,January
1010,Zainab Ali,zainab@gmail.com,26.0,Lahore,Mouse,4,2500.0,2026-01-14,3.0,10000.0,Adult,January
1011,Omar Farooq,omar@gmail.com,39.0,Islamabad,Monitor,1,45000.0,2026-01-15,5.0,45000.0,Adult,January
1012,Hina Shah,hina@gmail.com,24.0,Lahore,Keyboard,3,5000.0,2026-01-16,4.0,15000.0,Young,January
1013,Saad Khan,saad@gmail.com,33.0,Karachi,Laptop,2,125000.0,2026-01-17,5.0,250000.0,Adult,January
1014,Nida Ahmed,nida@gmail.com,27.0,Islamabad,Mouse,5,2500.0,2026-01-18,4.0,12500.0,Adult,January
1015,Usman Raza,usman@gmail.com,29.0,Karachi,Keyboard,3,5000.0,2026-01-07,3.0,15000.0,Adult,January
1016,Kamran Ali,kamran@gmail.com,22.0,Lahore,Laptop,2,120000.0,2026-01-19,4.0,240000.0,Young,January
1017,Sana Malik,sana@gmail.com,30.0,Karachi,Monitor,2,45000.0,2026-01-20,5.0,90000.0,Adult,January
1018,Farhan Ahmed,farhan@gmail.com,45.0,Lahore,Keyboard,4,5500.0,2026-01-21,2.0,22000.0,Senior,January
1019,Areeba Khan,areeba@gmail.com,19.0,Islamabad,Laptop,1,125000.0,2026-01-22,5.0,125000.0,Young,January
1020,Danish Raza,danish@gmail.com,34.0,Karachi,Mouse,8,2500.0,2026-01-23,4.0,20000.0,Adult,January
1021,Ali Khan,ali@gmail.com,25.0,Lahore,Laptop,2,120000.0,2026-01-05,5.0,240000.0,Adult,January
1022,Maham Noor,maham@gmail.com,29.0,Karachi,Monitor,2,45000.0,2026-01-24,4.0,90000.0,Adult,January
1023,Usman Khan,usman2@gmail.com,37.0,Lahore,Laptop,1,130000.0,2026-01-25,5.0,130000.0,Adult,January
1024,Laiba Ahmed,laiba@gmail.com,23.0,Karachi,Mouse,6,2500.0,2026-01-26,4.0,15000.0,Young,January
1025,Arslan Shah,arslan@gmail.com,29.0,Islamabad,Keyboard,2,5500.0,2026-01-27,4.0,11000.0,Adult,January
1026,Noor Fatima,noor@gmail.com,41.0,Lahore,Laptop,1,120000.0,2026-01-28,5.0,120000.0,Senior,January
1027,Hasan Ali,hasan@gmail.com,32.0,Karachi,Monitor,3,45000.0,2026-01-29,4.0,135000.0,Adult,January
1028,Mehwish Khan,mehwish@gmail.com,28.0,Islamabad,Mouse,5,2500.0,2026-01-30,3.0,12500.0,Adult,January
1029,Ahmed Raza,ahmed@gmail.com,35.0,Karachi,Laptop,2,120000.0,2026-01-13,4.0,240000.0,Adult,January
1030,Rida Shah,rida@gmail.com,26.0,Lahore,Keyboard,3,5000.0,2026-01-31,5.0,15000.0,Adult,January
