Name,Age,Salary,Department,City,Experience,Performance
Ali,25,55000,IT,Lahore,2,82
Sara,30,,HR,Karachi,5,91
Ahmed,,72000,Finance,Islamabad,,88
Ayesha,28,68000,,Lahore,4,76
Bilal,35,95000,IT,,10,88
Hina,24,48000,Marketing,Karachi,1,
Usman,40,,Finance,Lahore,15,95
Zainab,32,82000,IT,Islamabad,7,
Hamza,,60000,,Karachi,,73
Mariam,29,,HR,,6,85
Omar,45,150000,Management,Lahore,20,97
Fatima,27,52000,Marketing,Islamabad,3,78
Hassan,31,75000,Finance,Karachi,8,
Noor,,65000,IT,Lahore,,89
Danish,38,,HR,Islamabad,12,92
Sana,26,47000,,Karachi,2,71
Saad,34,88000,IT,,9,
Iqra,23,,Marketing,Lahore,1,80
Fahad,42,120000,Finance,Karachi,,94
Amna,30,70000,HR,Islamabad,6,